{
  "name": "Abhishek Gupta",
  "displayStatsPublic": true,
  "type": "personal",
  "bio": "Coding Enthusiast | Opensource Enthusiast | Student @ JSCOE | Currently blogging",
  "avatar": "https://github.com/A10-g.png",
  "socials": [
    { "icon": "FaTwitter", "url": "https://twitter.com/Abhishek_G101" },
    { "icon": "FaGithub", "url": "https://github.com/A10-g" },
    {
      "icon": "FaLinkedin",
      "url": "https://www.linkedin.com/in/abhishek-gupta-95275b233"
    }
  ],
  "links": [
    {
      "name": "Follow me on Twitter",
      "url": "https://twitter.com/Abhishek_G101",
      "icon": "FaTwitter"
    },
    {
      "name": "Follow me on LinkedIn",
      "url": "https://www.linkedin.com/in/abhishek-gupta-95275b233",
      "icon": "FaLinkedin"
    },
    {
      "name": "Follow me on Github",
      "url": "https://github.com/A10-g",
      "icon": "FaGithub"
    },
    {
      "name": "Follow me on Hashnode",
      "url": "https://abhishekgupta10.hashnode.dev",
      "icon": "SiHashnode"
    }
  ]
}
