{
  "name": "Abhishikth Thul",
  "type": "personal",
  "bio": "Student | Machine Learning | Deep Learning | DevOps",
  "avatar": "https://github.com/Abhishikth3330.png",
  "links": [
    {
      "name": "Follow me on GitHub",
      "url": "https://github.com/Abhishikth3330",
      "icon": "FaGithub"
    },
    {
      "name": "Connect with me on LinkedIn",
      "url": "https://www.linkedin.com/in/abhishikth-thul-099a31193/",
      "icon": "FaLinkedin"
    },
    {
      "name": "Follow me on Twitter",
      "url": "https://twitter.com/AbhishikthT",
      "icon": "FaTwitter"
    }
  ],
  "milestones": [
    {
      "title": "Bachelor's in Artificial Intelligence",
      "date": "June 2019",
      "color": "blue"
    }
  ]
}
