{
  "name": "Abhishek Shinde",
  "type": "personal",
  "bio": "Machine Learning, Data Science, DSA Entusiast",
  "avatar": "https://github.com/abhishinde24.png",
  "links": [
    {
      "name": "Follow me on GitHub",
      "url": "https://github.com/abhishinde24",
      "icon": "FaGithub"
    },
    {
      "name": "Connect with me on LinkedIn",
      "url": "https://www.linkedin.com/in/abhishek-shinde-0a1860192",
      "icon": "FaLinkedin"
    }
  ],
  "milestones": [
    {
      "title": "Started DSA,CP,Machine learing,",
      "date": "June 2021",
      "icon": "code",
      "color": "#90ee90",
      "description": "Began Practicing Data structures and Algorithm, Competitive programing and Machine learning side projects",
      "url": "https://leetcode.com/abhishekshinde2211"
    }
  ]
}
