{
  "name": "Araoye Abraham A.",
  "displayStatsPublic": true,
  "type": "personal",
  "bio": "Teacher turned **Web Developer**. Motivated by the possibility of solving human problems with code",
  "avatar": "https://github.com/abrokinla.png",
  "links": [
    {
      "name": "Follow me on Twitter",
      "url": "https://twitter.com/Abgikcodez",
      "icon": "FaTwitter"
    },
    {
      "name": "Follow me on Linkedin",
      "url": "https://linkedin.com/in/araoye-abraham-dev/",
      "icon": "FaLinkedin"
    },
    {
      "name": "Follow me on Github",
      "url": "https://github.com/abrokinla",
      "icon": "FaGithub"
    }
  ]
}
