{
  "name": "Aditya Sharma",
  "displayStatsPublic": true,
  "type": "personal",
  "bio": "Full Stack Developer | DevOps | Open Source",
  "avatar": "https://github.com/adityassharma-ss.png",
  "tags": ["Java", "JavaScript", "ReactJS", "DevOps", "Open Source"],
  "socials": [
    { "icon": "FaTwitter", "url": "https://twitter.com/aadityatwt" },
    { "icon": "FaGithub", "url": "https://github.com/adityassharma-ss" }
  ],
  "links": [
    {
      "name": "Follow me on GitHub",
      "url": "https://github.com/adityassharma-ss",
      "icon": "FaGithub"
    },
    {
      "name": "Follow me on Twitter",
      "url": "https://twitter.com/aadityatwt",
      "icon": "FaTwitter"
    },
    {
      "name": "Connect with me on LinkedIn",
      "url": "https://www.linkedin.com/in/aditya-sharma-47b787201/",
      "icon": "FaLinkedin"
    }
  ],
  "milestones": [
    {
      "title": "Started Freelancing",
      "date": "July 2021",
      "icon": "FaDollarSign",
      "color": "grey",
      "description": "Started freelancing",
      "url": "https://aditya-sage.vercel.app/"
    }
  ]
}
