{
  "name": "Aditya Prasad Mohanty",
  "type": "personal",
  "bio": "Open Source Enthusiast | 🕷🕸🕷",
  "avatar": "https://github.com/Aditya-150.png",
  "links": [
    {
      "name": "Follow me on GitHub",
      "url": "https://github.com/Aditya-150",
      "icon": "FaGithub"
    },
    {
      "name": "Follow me on Twitter",
      "url": "https://twitter.com/adityaprasad150",
      "icon": "FaTwitter"
    },
    {
      "name": "Follow me on LinkedIn",
      "url": "https://www.linkedin.com/in/aditya-prasad-mohanty-6736231a0/",
      "icon": "FaLinkedin"
    }
  ]
}
