{
  "name": "ANKITA MALIK",
  "type": "personal",
  "bio": "Aspiring MERN Stack Web Devloper!",
  "avatar": "https://github.com/AnkitaMalik22.png",
  "links": [
    {
      "name": "Follow me on GitHub",
      "url": "https://github.com/AnkitaMalik22",
      "icon": "FaGithub"
    },
    {
      "name": "Follow me on Twitter",
      "url": "https://twitter.com/ankiitamalik",
      "icon": "FaTwitter"
    }
  ],
  "milestones": [
    {
      "title": "Published first blog on Hashnode",
      "date": "May 2022",
      "icon": "FaDollarSign",
      "color": "orange",
      "description": "Sorting Algorithms - Quick Guide",
      "url": "https://ankitamalik.hashnode.dev/sorting-algorithms-quick-guide"
    }
  ]
}
