{
  "name": "Anshu Pathak",
  "type": "personal",
  "bio": "Open Source Enthusiast!",
  "avatar": "https://github.com/AnshuPathak-88825.png",
  "links": [
    {
      "name": "Follow me on GitHub",
      "url": "https://github.com/AnshuPathak-88825",
      "icon": "FaGithub"
    },
    {
      "name": "Follow me on Twitter",
      "url": "https://twitter.com/Anshu_pathak12",
      "icon": "FaTwitter"
    },
    {
      "name": "connect me on LinkedIn",
      "url": "https://www.linkedin.com/in/anshu-kumar-pathak/",
      "icon": "FaLinkedin"
    },
    {
      "name": "follow me on Hashnode",
      "url": "https://hashnode.com/@anshu12",
      "icon": "SiHashnode"
    }
  ],
  "milestones": [
    {
      "title": "Started Open Source",
      "date": "June 2022",
      "icon": "FaDollarSign",
      "color": "green",
      "description": "Started Open Source",
      "url": "https://github.com/AnshuPathak-88825"
    }
  ]
}
