{
  "name": "Anurag Kumar",
  "type": "personal",
  "bio": "Open Source Enthusiast!",
  "avatar": "https://github.com/hfr58gb.png",
  "links": [
    {
      "name": "Follow me on GitHub",
      "url": "https://github.com/hfr58gb",
      "icon": "FaGithub"
    },
    {
      "name": "Follow me on Twitter",
      "url": "https://twitter.com/AnuragS41695054",
      "icon": "FaTwitter"
    },
    {
      "name": "Follow me on Hashnode",
      "url": "https://anuragk24.hashnode.dev",
      "icon": "SiHashnode"
    },
    {
      "name": "Follow me on StackOverflow",
      "url": "https://stackoverflow.com/users/19466141/anurag",
      "icon": "FaStackOverflow"
    },
    {
      "name": "Follow me on LinkedIn",
      "url": "https://www.linkedin.com/in/anurag-kumar-4490ba1a6/",
      "icon": "FaLinkedin"
    }
  ]
}
