{
  "name": "Ayush Sarode",
  "type": "personal",
  "bio": "Open source Enthusiastic | Web Dev  ",
  "tags": ["Open Source", "WebDev"],
  "socials": [
    { "icon": "FaTwitter", "url": "https://twitter.com/AyushSarode07" },
    { "icon": "FaGithub", "url": "https://github.com/AyushSarode" },
    { "icon": "SiHashnode", "url": "https://hashnode.com/@AyushSarode" }
  ],
  "avatar": "https://github.com/AyushSarode.png",
  "links": [
    {
      "name": "Follow me on GitHub",
      "url": "https://github.com/AyushSarode",
      "icon": "FaGithub"
    },
    {
      "name": "Twitter: Threads and Random Talks",
      "url": "https://twitter.com/AyushSarode07",
      "icon": "FaTwitter"
    },
    {
      "name": "Interested in reading my blogs? Go here!",
      "url": "https://hashnode.com/@AyushSarod",
      "icon": "SiHashnode"
    }
  ],
  "milestones": [
    {
      "title": "Joined Open Source at 15",
      "date": "September 30 2020",
      "icon": "FaGithub",
      "color": "red",
      "url": "https://github.com/AyushSarode"
    }
  ]
}
