{
  "name": "Chaitanya",
  "type": "personal",
  "bio": "Open Source Enthusiast!",
  "avatar": "https://github.com/Chaitanya7666.png",
  "links": [
    {
      "name": "Follow me on GitHub",
      "url": "https://github.com/Chaitanya7666",
      "icon": "FaGithub"
    },
    {
      "name": "Follow me on Twitter",
      "url": "https://twitter.com/chaitanya7666",
      "icon": "FaTwitter"
    }
  ],
  "milestones": [
    {
      "title": "Started Freelancing!",
      "date": "December 2021",
      "icon": "FaDollarSign",
      "color": "grey",
      "description": "Started freelancing"
    }
  ]
}
