{
  "name": "Chisom Promise",
  "displayStatsPublic": true,
  "type": "personal",
  "bio": "A very passionate full-stack developer with passion for building highly interactive and responsive web applications as well as secure and scalable RESTful APIs using modern technologies",
  "avatar": "https://github.com/Chimise.png",
  "tags": ["javascript", "typescript"],
  "socials": [
    { "icon": "FaTwitter", "url": "https://twitter.com/chimisep" },
    { "icon": "FaGithub", "url": "https://github.com/Chimise" }
  ],
  "links": [
    {
      "name": "Follow me on GitHub",
      "url": "https://github.com/Chimise",
      "icon": "FaGithub"
    },
    {
      "name": "Follow me on Twitter",
      "url": "https://twitter.com/chimisep",
      "icon": "FaTwitter"
    }
  ],
  "milestones": [
    {
      "title": "Built my first full-stack application",
      "date": "Oct 2021",
      "icon": "FaDollarSign",
      "color": "grey",
      "description": "Developed my first full-stack app using React and Node.js",
      "url": "https://chimisepro.vercel.app/"
    }
  ]
}
