{
  "name": "Odesola Ibrahim",
  "type": "personal",
  "bio": "I am a Full-Stack Developer using React and Node.js",
  "avatar": "https://github.com/cyberdevv.png",
  "links": [
    {
      "name": "Follow me on GitHub",
      "url": "https://github.com/cyberdevv",
      "icon": "FaGithub"
    },

    {
      "name": "Connect with me on Linkedin",
      "url": "https://www.linkedin.com/in/odesolaibrahim/",
      "icon": "FaLinkedin"
    },
    {
      "name": "Follow me on Twitter",
      "url": "https://twitter.com/cyberdevv",
      "icon": "FaTwitter"
    },
    {
      "name": "Checkout my portfolio",
      "url": "https://ibrahim-odesola.netlify.app/",
      "icon": "FaLink"
    }
  ]
}
