{
  "name": "JDavid Chaudhary",
  "type": "personal",
  "bio": "Web Development Enthusiast",
  "avatar": "https://github.com/Davidchaudhary.png",
  "links": [
    {
      "name": "Follow me on GitHub",
      "url": "https://github.com/Davidchaudhary",
      "icon": "FaGithub"
    },
    {
      "name": "Follow me on Twitter",
      "url": "https://twitter.com/Davidchaudhary0",
      "icon": "FaTwitter"
    },
    {
      "name": "Follow me on LinkedIn",
      "url": "https://www.linkedin.com/in/david-chaudhary-3b038b219/",
      "icon": "FaLinkedin"
    }
  ]
}
