{
  "name": "Dunsin",
  "type": "personal",
  "bio": "Full Stack Web Developer, Content Creator and Open Source Enthusiast!",
  "avatar": "https://github.com/Dun-sin.png",
  "links": [
    {
      "name": "Follow me on Instagram",
      "url": "https://www.instagram.com/dunsincodes",
      "icon": "FaInstagram"
    },
    {
      "name": "Follow me on GitHub",
      "url": "https://github.com/Dun-sin",
      "icon": "FaGithub"
    },
    {
      "name": "Follow me on Twitter",
      "url": "https://twitter.com/dunsin_codes",
      "icon": "FaTwitter"
    },
    {
      "name": "Check out my portfolio",
      "url": "https://dunsin.vercel.app",
      "icon": "FaGlobe"
    },
    {
      "name": "Let's connect on LinkedIn",
      "url": "https://www.linkedin.com/in/favourfaiyetoleweb-developer",
      "icon": "FaLinkedin"
    }
  ]
}
