{
  "name": "Nwoke Emmanuella",
  "displayStatsPublic": true,
  "type": "personal",
  "bio": "Frontend Engineer, Tech Sis and enthusiast",
  "avatar": "https://github.com/Ellah120.png",
  "links": [
    {
      "name": "Follow me on Twitter",
      "url": "https://twitter.com/oge__chi",
      "icon": "FaTwitter"
    },
    {
      "name": "Connect with me on LinkedIn",
      "url": "https://www.linkedin.com/in/ogechi-nwoke-217911114/",
      "icon": "FaLinkedin"
    },
    {
      "name": "GitHub",
      "url": "https://github.com/Ellah120",
      "icon": "FaGithub"
    }
  ],
  "testimonials": ["tobySolutions"]
}
