{
  "name": "Elozino Ovedhe",
  "displayStatsPublic": true,
  "type": "personal",
  "bio": "Fullstack Developer and Tech Enthusiast",
  "avatar": "https://github.com/Elozino.png",
  "links": [
    {
      "name": "Follow me on Twitter",
      "url": "https://twitter.com/iz_zino",
      "icon": "FaTwitter"
    },
    {
      "name": "Follow me on GitHub",
      "url": "https://github.com/Elozino",
      "icon": "FaGithub"
    },
    {
      "name": "Check out my portfolio",
      "url": "https://elozino.netlify.app",
      "icon": "FaGlobe"
    },
    {
      "name": "Let's connect on LinkedIn",
      "url": "https://www.linkedin.com/in/elozino-ovedhe-42768915b",
      "icon": "FaLinkedin"
    }
  ]
}
