{
  "name": "Fayas Noushad",
  "type": "personal",
  "bio": "Member of EddieHub",
  "avatar": "https://github.com/FayasNoushad.png",
  "links": [
    {
      "name": "Follow me on GitHub",
      "url": "https://github.com/FayasNoushad",
      "icon": "FaGithub"
    },
    {
      "name": "Follow me on Twitter",
      "url": "https://twitter.com/FayasNoushad",
      "icon": "FaTwitter"
    },
    {
      "name": "Subscribe my YouTube channel",
      "url": "https://youtube.com/channel/UCqC-Yzy8J9FuTH_lDRhBMCA",
      "icon": "FaYoutube"
    },
    {
      "name": "Follow me on LinkedIn",
      "url": "https://linkedin.com/in/fayasnoushad",
      "icon": "FaLinkedin"
    },
    {
      "name": "Join my Telegram Channel",
      "url": "https://telegram.me/FayasNoushad",
      "icon": "FaTelegram"
    }
  ]
}
