{
  "name": "Luis Felipe Ceballos Caicedo",
  "type": "personal",
  "bio": "Web developer 💻",
  "avatar": "https://github.com/Felipeceballos12.png",
  "links": [
    {
      "name": "Follow me on GitHub 😺",
      "url": "https://github.com/Felipeceballos12",
      "icon": "FaGithub"
    },
    {
      "name": "Follow me on Twitter ✨",
      "url": "https://twitter.com/codeandfelipex",
      "icon": "FaTwitter"
    },
    {
      "name": "Follow me on LinkedIn ✨",
      "url": "https://www.linkedin.com/in/luisfelipeceballos",
      "icon": "FaLinkedin"
    }
  ],
  "milestones": [
    {
      "title": "Programming technician (Internship)",
      "date": "Mayo 2016",
      "icon": "FaDollarSign",
      "color": "grey",
      "description": "First job",
      "url": "https://www.datecsa.com/"
    }
  ]
}
