{
  "name": "Gaurav Bhojwani",
  "type": "personal",
  "bio": "Keep calm and learn everyday",
  "avatar": "https://github.com/Gauravdarkslayer.png",
  "links": [
    {
      "name": "Follow me on GitHub",
      "url": "https://github.com/Gauravdarkslayer",
      "icon": "FaGithub"
    },
    {
      "name": "Connect with me on LinkedIn",
      "url": "https://www.linkedin.com/in/gaurav-b-028209104/",
      "icon": "FaLinkedin"
    },
    {
      "name": "Check out my instagram",
      "url": "https://www.instagram.com/_itz.me.gaurav/",
      "icon": "FaInstagram"
    }
  ]
}
