{
  "name": "Hemant Sharma",
  "type": "personal",
  "bio": "Full Stack and Open Source Enthusiast!",
  "avatar": "https://github.com/hemant-sw.png",
  "links": [
    {
      "name": "Follow me on GitHub",
      "url": "https://github.com/hemant-sw",
      "icon": "FaGithub"
    },
    {
      "name": "Follow me on Twitter",
      "url": "https://twitter.com/hemantswww",
      "icon": "FaTwitter"
    },
    {
      "name": "Follow me on LinkedIn",
      "url": "https://www.linkedin.com/in/hemant-sharma-82621314b/",
      "icon": "FaLinkedin"
    }
  ],
  "milestones": [
    {
      "title": "Just Started My Open Source Journey",
      "date": "August 2022",
      "icon": "FaDollarSign",
      "color": "grey",
      "description": "I ❤️ Open Source"
    }
  ]
}
