{
  "name": "Jaideep Solania",
  "type": "personal",
  "bio": "DevOps and Open Source Enthusiast",
  "avatar": "https://github.com/Jai-Solania-29.png",
  "links": [
    {
      "name": "Follow me on GitHub",
      "url": "https://github.com/Jai-Solania-29",
      "icon": "FaGithub"
    },
    {
      "name": "Follow me on Twitter",
      "url": "https://twitter.com/jai_solania_29",
      "icon": "FaTwitter"
    },
    {
      "name": "Follow me on LinkedIn",
      "url": "https://www.linkedin.com/in/jaideep-solania-a426691b6/",
      "icon": "FaLinkedin"
    }
  ],
  "milestones": [
    {
      "title": "Postman Student Expert",
      "date": "May 2022",
      "icon": "FaBook",
      "color": "#FF6C37",
      "description": "Became a Postman Student Expert",
      "url": "https://badgr.com/public/assertions/SPHXVVehTViAh7giMBVdYA"
    }
  ]
}
