{
  "name": "Kanika Gola",
  "type": "personal",
  "bio": "Student Expert @getpostman | Full Stack Web Developer | Learning DSA | Diving deep into DevOps | Open Source | Student",
  "avatar": "https://github.com/Kanika637.png",
  "links": [
    {
      "name": "Follow me on GitHub",
      "url": "https://github.com/Kanika637",
      "icon": "FaGithub"
    },
    {
      "name": "Follow me on Twitter",
      "url": "https://twitter.com/gola_kanika",
      "icon": "FaTwitter"
    },
    {
      "name": "Follow me on LinkedIn",
      "url": "https://www.linkedin.com/in/kanika-gola-34778a203/",
      "icon": "FaLinkedin"
    }
  ],
  "milestones": [
    {
      "title": "Postman Student Expert",
      "date": "May 2022",
      "icon": "FaBook",
      "color": "#FF6C37",
      "description": "Became a Postman Student Expert",
      "url": "https://badgr.com/public/assertions/Sr88L1CQTfqCgc4hI6LRXg"
    }
  ]
}
