{
  "name": "Madhu Saini",
  "type": "personal",
  "displayStatsPublic": true,
  "bio": "**Open Source**  Enthusiast | Full Stack Developer ",
  "tags": ["Open Source", "Full Stack", "MERN Stack", "Student"],
  "socials": [
    { "icon": "FaTwitter", "url": "https://twitter.com/MadhuSaini22" },
    { "icon": "FaGithub", "url": "https://github.com/MadhuSaini22.png" },
    { "icon": "FaLinkedin", "url": "https://www.linkedin.com/in/madhu-saini/" }
  ],
  "avatar": "https://github.com/MadhuSaini22.png",
  "links": [
    {
      "name": "Check out my website",
      "url": "https://madhusaini.netlify.app/",
      "icon": "FaGlobe"
    },
    {
      "name": "Follow me on GitHub",
      "url": "https://github.com/MadhuSaini22",
      "icon": "FaGithub"
    },
    {
      "name": "Follow me on LinkedIn",
      "url": "https://www.linkedin.com/in/madhu-saini/",
      "icon": "FaLinkedin"
    },
    {
      "name": "Interested in Open Source stuff? follow me on Twitter",
      "url": "https://twitter.com/MadhuSaini22",
      "icon": "FaTwitter"
    }
  ],
  "milestones": [
    {
      "title": "Made Chatting Application",
      "image": "https://user-images.githubusercontent.com/81684710/151691029-d040cb55-19b5-4e66-b98b-21099044431f.jpg",
      "date": "May 2021",
      "icon": "code",
      "color": "blue",
      "description": "This is a fully responsive chat application with social authentication including Google and Facebook using Firebase online statuses, great design and functionality, image support, ability to create multiple rooms and much more.",
      "url": "https://github.com/MadhuSaini22/Unichat"
    },
    {
      "title": "Made Virtual Assistant",
      "image": "https://user-images.githubusercontent.com/81684710/151691009-fa178f95-55cd-4669-8dc0-d78a5b00eab2.jpg",
      "date": "April 2021",
      "icon": "code",
      "color": "red",
      "description": "Virtual voice assistant with features like speak to search Google and Wikipedia, ask the time, play music and YouTube, open VS Code and Reddit, etc.",
      "url": "https://github.com/MadhuSaini22/Virtual_Assistant"
    },
    {
      "title": "Made Web Video Caller",
      "image": "https://user-images.githubusercontent.com/81684710/151691064-8787f244-62e7-4578-b169-4fc66644f4f9.jpg",
      "date": "November 2021",
      "icon": "code",
      "color": "green",
      "description": "Video Chat Application, in which you can have fun with your best buddy by easy video chit chatting.",
      "url": "https://github.com/MadhuSaini22/web-rtc-video-chat-app"
    }
  ]
}
