{
  "name": "Mahesh Kumar Patro",
  "type": "personal",
  "bio": "Open Source Enthusiast | Devops Learner",
  "avatar": "https://github.com/Maheshpatro.png",
  "links": [
    {
      "name": "Follow me on GitHub",
      "url": "https://github.com/Maheshpatro",
      "icon": "FaGithub"
    },
    {
      "name": "Follow me on LinkedIn",
      "url": "https://www.linkedin.com/in/mahesh-patro-915a6a234/",
      "icon": "FaLinkedin"
    },
    {
      "name": "Follow me on Twitter",
      "url": "https://twitter.com/py_mahesh",
      "icon": "FaTwitter"
    }
  ]
}
