{
  "name": "MasterReach1",
  "type": "personal",
  "bio": "Web Developer | Ethical Hacker | Open Source Enthusiast",
  "avatar": "https://github.com/MasterReach1.png",
  "links": [
    {
      "name": "Follow me here on GitHub!",
      "url": "https://github.com/MasterReach1",
      "icon": "FaGithub"
    },
    {
      "name": "Follow me on Twitter for tech info, development updates, and some meme content!",
      "url": "https://twitter.com/findevxone",
      "icon": "FaTwitter"
    }
  ],
  "milestones": [
    {
      "title": "Started developing games with Python & Blender",
      "date": "October 2013",
      "icon": "FaBook",
      "color": "orange",
      "description": "Started with Python"
    },
    {
      "title": "Started coding in college",
      "date": "September 2019",
      "icon": "FaBook",
      "color": "green",
      "description": "Started programming degree",
      "url": "https://www.escc.edu/"
    },
    {
      "title": "Started learning web development on my own",
      "date": "January 2020",
      "icon": "SiCodewars",
      "color": "red",
      "description": "Started learning web development",
      "url": "https://www.udemy.com/"
    },
    {
      "title": "Started freelancing (programming tutor)",
      "date": "February 2020",
      "icon": "FaDollarSign",
      "color": "green",
      "description": "Started freelance tutoring",
      "url": "https://www.fiverr.com/"
    },
    {
      "title": "Started being serious about learning web development",
      "date": "January 2021",
      "icon": "FaDev",
      "color": "black",
      "description": "Started focusing on goals in web development; built my personal site (WIP)",
      "url": "https://ethanr.dev/"
    }
  ]
}
