{
  "name": "Mustafiz Kaifee",
  "type": "personal",
  "bio": "Hi there! I am backend developer at Freecharge.",
  "avatar": "https://github.com/Mustafiz04.png",
  "links": [
    {
      "name": "Take a look at my GitHub",
      "url": "https://github.com/Mustafiz04",
      "icon": "FaGithub"
    },
    {
      "name": "See my awesome tweets on Twitter",
      "url": "https://twitter.com/mustafiz_kaifee",
      "icon": "FaTwitter"
    },
    {
      "name": "Connect with me on LinkedIn",
      "url": "https://www.linkedin.com/in/mustafizkaifee/",
      "icon": "FaLinkedin"
    }
  ]
}
