{
  "name": "Nelson omotuyole",
  "displapstatsPublic": true,
  "type": "personal",
  "bio": "Teacher turned **programmer** | Intergrated science student from *The university of lagos Nigeria | presently Learning **python pro bootcamp with angela yu**",
  "avatar": "https://github.com/Nelsonomotuyole.png",
  "links": [
    {
      "name": "follow me on twitter",
      "url": "https://twitter.com/nelsonomotuyoIe",
      "icon": "FaTwitter"
    },
    {
      "name": "Follow me on GitHub",
      "url": "https://github.com/Nelsonomotuyole",
      "icon": "FaGithub"
    }
  ]
}
