{
  "name": "Nishit Baria",
  "type": "personal",
  "displayStatsPublic": true,
  "bio": "**open source** Advocate | Web-Dev | Space Lover ",
  "tags": ["open source", "c++", "Java", "SQL", "open source"],
  "socials": [
    { "icon": "FaTwitter", "url": "https://twitter.com/Nishitbaria1" },
    { "icon": "FaGithub", "url": "https://github.com/Nishitbaria" },
    { "icon": "FaLink", "url": "https://nishithacks.netlify.app/" }
  ],
  "avatar": "https://github.com/Nishitbaria.png",
  "links": [
    {
      "name": "Learing in Public and tweet about it ",
      "url": "https://twitter.com/Nishitbaria1",
      "icon": "FaTwitter"
    },
    {
      "name": "Follow my Github to see my contribution",
      "url": "https://github.com/Nishitbaria",
      "icon": "FaGithub"
    },
    {
      "name": "Connect with me on LinkedIn",
      "url": "https://www.linkedin.com/in/nishitbaria/",
      "icon": "FaLinkedin"
    },
    {
      "name": "Personal website",
      "url": "https://nishithacks.netlify.app/",
      "icon": "FaGlobe"
    },
    {
      "name": "Youtube",
      "url": "https://www.youtube.com/@Nishitbaria",
      "icon": "FaYoutube"
    }
  ]
}
