{
  "name": "Nnadi Victory",
  "type": "personal",
  "bio": "Aspiring Full-stack Developer!",
  "avatar": "https://github.com/Nnadivictory25.png",
  "links": [
    {
      "name": "Follow me on GitHub",
      "url": "https://github.com/Nnadivictory25",
      "icon": "FaGithub"
    },
    {
      "name": "Follow me on Twitter",
      "url": "https://twitter.com/NnadiVictory01",
      "icon": "FaTwitter"
    }
  ],
  "milestones": [
    {
      "title": "Started Coding",
      "date": "December 2021",
      "icon": "FaDollarSign",
      "color": "grey",
      "description": "Started freelancing"
    }
  ]
}
