{
  "name": "Nonso Andrew Ugbodu",
  "type": "personal",
  "bio": "FrontEnd Engineer | Networking | Open Source Enthusiast!",
  "avatar": "https://github.com/Arndy345.png",
  "links": [
    {
      "name": "Follow me on GitHub",
      "url": "https://github.com/Arndy345",
      "icon": "FaGithub"
    },
    {
      "name": "Follow me on Twitter",
      "url": "https://twitter.com/nonso_andy",
      "icon": "FaTwitter"
    },
    {
      "name": "Connect with me on LinkedIn",
      "url": "https://www.linkedin.com/in/nonsougbodu/",
      "icon": "FaLinkedin"
    }
  ]
}
