{
  "name": "Okechukwu Chukwude",
  "type": "personal",
  "bio": "Backend Engineer, Computer Vision Enthusiast, Learning Web3.0",
  "avatar": "https://github.com/OkeyChukwude.png",
  "links": [
    {
      "name": "Follow me on GitHub",
      "url": "https://github.com/OkeyChukwude",
      "icon": "FaGithub"
    },
    {
      "name": "Follow me on Twitter",
      "url": "https://twitter.com/OkeyChukwude",
      "icon": "FaTwitter"
    },
    {
      "name": "Connect with me on LinkedIn",
      "url": "https://www.linkedin.com/in/okechukwu-chukwude-8a5b8020a",
      "icon": "FaLinkedin"
    }
  ]
}
