{
  "name": "Rahul Patel",
  "displayStatsPublic": true,
  "type": "personal",
  "bio": "Mendix Developer @TCS || Learning AWS and Linux",
  "avatar": "https://github.com/Patelrahul4884.png",
  "links": [
    {
      "name": "Follow me on Twitter",
      "url": "https://twitter.com/U_N_R_3_A_L",
      "icon": "FaTwitter"
    },
    {
      "name": "Follow me on GitHub",
      "url": "https://github.com/Patelrahul4884",
      "icon": "FaGithub"
    },
    {
      "name": "Follow me on LinkedIn",
      "url": "https://www.linkedin.com/in/rahul-patel-08805313a/",
      "icon": "FaLinkedin"
    }
  ],
  "milestones": [
    {
      "title": "AWS Certified Cloud Practitioner",
      "date": "Jan 2023",
      "icon": "FaAws",
      "color": "blue",
      "description": "Cleared exam with 843/1000 score",
      "url": "https://www.credly.com/badges/88e8b015-390c-48ba-b993-9ae9da5ce173/public_url"
    }
  ]
}
