{
  "name": "Pratyush Pahari",
  "type": "personal",
  "displayStatsPublic": true,
  "bio": "**Open Source** Enthusiast | Tech Explorer | CSE Student ",
  "tags": ["Open Source", "Community", "DSA", "Python", "Web Development"],
  "socials": [
    { "icon": "FaTwitter", "url": "https://twitter.com/PahariPratyush" },
    { "icon": "FaGithub", "url": "https://github.com/PRATYUSHPAHARI" },
    {
      "icon": "FaLinkedin",
      "url": "https://www.linkedin.com/in/pratyush-pahari-4141ab212/"
    }
  ],
  "avatar": "https://github.com/PRATYUSHPAHARI.png",
  "links": [
    {
      "name": "Follow me on GitHub",
      "url": "https://github.com/PRATYUSHPAHARI",
      "icon": "FaGithub"
    },
    {
      "name": "Follow me on Twitter",
      "url": "https://twitter.com/PahariPratyush",
      "icon": "FaTwitter"
    },
    {
      "name": "Connect with me on LinkedIn",
      "url": "https://www.linkedin.com/in/pratyush-pahari-4141ab212/",
      "icon": "FaLinkedin"
    },
    {
      "name": "Follow me on Instagram",
      "url": "https://www.instagram.com/pratyushpahari/",
      "icon": "FaInstagram"
    }
  ]
}
