{
  "name": "Pritam Sarbajna",
  "type": "personal",
  "bio": "Aspiring Software Developer | Open Source Enthusiast!",
  "avatar": "https://github.com/PritamSarbajna.png",
  "links": [
    {
      "name": "Check me on GitHub!",
      "url": "https://github.com/PritamSarbajna",
      "icon": "FaGithub"
    },
    {
      "name": "Connect with me on LinkedIn!",
      "url": "https://www.linkedin.com/in/pritam-sarbajna-74945821b/",
      "icon": "FaLinkedin"
    },
    {
      "name": "Check out my Website!",
      "url": "https://pritam-sarbajna-portfolio.netlify.app/",
      "icon": "FaGlobe"
    }
  ],
  "milestones": [
    {
      "title": "Started learning programming",
      "date": "October 2020",
      "icon": "FaBook",
      "color": "blue",
      "description": "I started to learn about C and C++, Python programming"
    },
    {
      "title": "Started Doing App Development",
      "date": "october 2021",
      "icon": "FaBook",
      "color": "red",
      "description": "App development in Java"
    },
    {
      "title": "Started learning web development",
      "date": "December 2021",
      "icon": "FaBook",
      "color": "purple",
      "description": "I learned about HTML, CSS, JavaScript"
    },
    {
      "title": "Started learning cyber security",
      "date": "December 2021",
      "icon": "FaBook",
      "color": "yellow",
      "description": "Learned about kali linux, cyber tools, CTFs. Global rank #500 on Hack the Box. TryHackme H4CK3R tag."
    },
    {
      "title": "Did a cyber research internship",
      "date": "January 2022",
      "icon": "FaBook",
      "color": "green",
      "description": "Did a theory based internship where we have to create docs for wireshark malicious packets, bitnami vulnerabilities and many for documentation."
    },
    {
      "title": "Started learning web frameworks",
      "date": "March 2022",
      "icon": "FaBook",
      "color": "yellow",
      "description": "Learned about React Js, Tailwind CSS, SCSS, Django and many more."
    },
    {
      "title": "Admitted into Asansol Engineering college in IT department",
      "date": "July 2022",
      "icon": "FaBook",
      "color": "red",
      "description": "I enrolled into BTech course in IT department at AEC"
    },
    {
      "title": "Got 1st prize in a website building competition",
      "date": "July 2022",
      "icon": "FaBook",
      "color": "purple",
      "description": "I made a NGO website with django and tailwind CSS and got 1st prize."
    }
  ]
}
