{
  "name": "Priyanshu Maurya",
  "type": "personal",
  "bio": "Open Source Contributer!",
  "avatar": "https://github.com/PriyansuMaurya.png",
  "links": [
    {
      "name": "Follow me on GitHub",
      "url": "https://github.com/PriyansuMaurya",
      "icon": "FaGithub"
    },
    {
      "name": "Follow me on Twitter",
      "url": "https://twitter.com/pr17anshu",
      "icon": "FaTwitter"
    },
    {
      "name": "Follow me on LinkedIn",
      "url": "https://www.linkedin.com/in/priyanshu-maurya-388346240",
      "icon": "FaLinkedin"
    }
  ],
  "milestones": [
    {
      "title": "Curretly Pursuing Engg 🎓",
      "date": "January 2020",
      "icon": "FaBook",
      "color": "grey",
      "description": "Started Programming in year 2019"
    },
    {
      "title": "Started Programming",
      "date": "December 2021",
      "icon": "FaDollarSign",
      "color": "grey",
      "description": "Started Programming in year 2019"
    }
  ]
}
