{
  "name": "Priyanshi Somani",
  "type": "personal",
  "bio": "Web Developer and Open Source Enthusiast!",
  "avatar": "https://github.com/Priyanshii677.png",
  "tags": [
    "Open Source",
    "HTML",
    "CSS",
    "Javascript",
    "ReactJS",
    "Web Development"
  ],
  "links": [
    {
      "name": "Follow me on GitHub",
      "url": "https://github.com/Priyanshii677",
      "icon": "FaGithub"
    },
    {
      "name": "Follow me on Twitter",
      "url": "https://twitter.com/thecodergirl_",
      "icon": "FaTwitter"
    },
    {
      "name": "Follow me on LinkedIn",
      "url": "https://www.linkedin.com/in/priyanshi-somani-a78bb1171/",
      "icon": "FaLinkedin"
    }
  ],
  "milestones": [
    {
      "title": "Started Web Development",
      "date": "January 2022",
      "icon": "FaDollarSign",
      "color": "grey",
      "description": "Got first job of my career as Software Engineer"
    }
  ]
}
