{
  "name": "Rana Mal Singh",
  "type": "personal",
  "bio": "Front-end Developer | Currently Learning Node.js | Web3 Enthusiast! | Open Source Enthusiast!",
  "avatar": "https://github.com/Ranamalsingh12.png",
  "links": [
    {
      "name": "Follow me on GitHub",
      "url": "https://github.com/Ranamalsingh12",
      "icon": "FaGithub"
    },
    {
      "name": "Follow me on Twitter",
      "url": "https://twitter.com/RanaMS999",
      "icon": "FaTwitter"
    },
    {
      "name": "Follow me on Linkedin",
      "url": "https://www.linkedin.com/in/rana-ms",
      "icon": "FaLinkedin"
    }
  ]
}
