{
  "name": "Rayan Abid",
  "type": "personal",
  "bio": "Software developer!",
  "avatar": "https://github.com/rayanabid.png",
  "links": [
    {
      "name": "Checkout my website",
      "url": "https://www.rayanabid.com/",
      "icon": "FaLink"
    },
    {
      "name": "Follow me on GitHub",
      "url": "https://github.com/rayanabid",
      "icon": "FaGithub"
    },
    {
      "name": "Follow me on Twitter",
      "url": "https://twitter.com/rayanDoesTech",
      "icon": "FaTwitter"
    }
  ]
}
