{
  "name": "Rishav Mitra",
  "displayStatsPublic": true,
  "type": "personal",
  "bio": "Student | Learning | Contributing to Open Source",
  "avatar": "https://github.com/Rishav-12.png",
  "tags": ["Open Source", "Python", "Data Science", "JavaScript"],
  "links": [
    {
      "name": "My Open Source journey on GitHub",
      "url": "https://github.com/Rishav-12",
      "icon": "FaGithub"
    },
    {
      "name": "Follow me on Twitter",
      "url": "https://twitter.com/rishavmitra15",
      "icon": "FaTwitter"
    },
    {
      "name": "Follow me on LinkedIn",
      "url": "https://www.linkedin.com/in/rishav-mitra-69855a246",
      "icon": "FaLinkedin"
    },
    {
      "name": "Follow my blog on Hashnode",
      "url": "https://rishav10.hashnode.dev",
      "icon": "SiHashnode"
    },
    {
      "name": "I'm also on Dev.to",
      "url": "https://dev.to/rishav12",
      "icon": "FaDev"
    },
    {
      "name": "Solving Katas on CodeWars",
      "url": "https://www.codewars.com/users/Rishav-12",
      "icon": "SiCodewars"
    }
  ]
}
