{
  "name": "Rita Mwangi",
  "displayStatsPublic": true,
  "type": "personal",
  "bio": "Lifelong learner transitioning into tech",
  "avatar": "https://github.com/RitaMwas.png",
  "tags": ["Python", "C programming"],
  "milestones": [
    {
      "title": "ALX Software Engineer Program",
      "date": "September 2022",
      "icon": "RiMacbookLine",
      "color": "grey",
      "description": "Started my software developer journey",
      "url": "https://github.com/RitaMwas"
    }
  ],
  "links": [
    {
      "name": "Follow me on Twitter",
      "url": "https://twitter.com/mwas_rita",
      "icon": "FaTwitter"
    },
    {
      "name": "Github",
      "url": "https://github.com/RitaMwas",
      "icon": "FaGithub"
    }
  ]
}
