{
  "name": "Sanskar Jain",
  "displayStatsPublic": true,
  "type": "personal",
  "bio": "Open Source Enthusiast| Front-end Developer",
  "avatar": "https://github.com/SanskarJain007.png",
  "tags": ["javascript", "HTML", "CSS", "DSA"],
  "socials": [
    { "icon": "twitter", "url": "https://twitter.com/imsanskarjain" },
    { "icon": "github", "url": "https://github.com/SanskarJain007" }
  ],
  "links": [
    {
      "name": "Follow me on GitHub",
      "url": "https://github.com/SanskarJain007",
      "icon": "FaGithub"
    },
    {
      "name": "Follow me on Twitter",
      "url": "https://twitter.com/imsanskarjain",
      "icon": "FaTwitter"
    },
    {
      "name": "Connect with me on LinkedIn",
      "url": "https://www.linkedin.com/in/sanskarjain007",
      "icon": "FaLinkedin"
    }
  ]
}
