{
  "name": "Saptarshi Sarkar",
  "type": "personal",
  "bio": "A software developer and an open-source enthusiast!",
  "avatar": "https://github.com/SaptarshiSarkar12.png",
  "links": [
    {
      "name": "Follow me on GitHub",
      "url": "https://github.com/SaptarshiSarkar12",
      "icon": "FaGithub"
    },
    {
      "name": "Follow me on Twitter",
      "url": "https://twitter.com/SSarkar2007",
      "icon": "FaTwitter"
    },
    {
      "name": "My Hashnode Blog and Newsletter",
      "url": "https://saptarshisarkar.hashnode.dev/",
      "icon": "SiHashnode"
    }
  ],
  "milestones": [
    {
      "title": "Started Open-source contribution",
      "date": "29th May, 2022",
      "icon": "DiOpensource",
      "color": "green",
      "description": "Open-source contribution by fixing outdated links, typos, bug reports, code review and collaborating to improve repositories. My world changed!",
      "url": "https://github.com/jwasham/coding-interview-university/pull/1154"
    },
    {
      "title": "First Hacktoberfest Participation",
      "date": "1st October, 2022",
      "color": "#4169e1",
      "description": "Participated in Hacktoberfest as a maintainer. Reviewed many PRs and had a great experience of Open-source",
      "url": "https://github.com/SaptarshiSarkar12/Drifty"
    }
  ]
}
