{
  "name": "Savan Sutariya",
  "type": "personal",
  "bio": "I am a python developer. I have worked on various projects using different technologies. I am a quick learner and always ready to learn new technologies. I am a team player and always ready to help others.",
  "avatar": "https://github.com/SavanSutariya.png",
  "links": [
    {
      "name": "Follow me on GitHub (SavanSutariya)",
      "url": "https://github.com/SavanSutariya",
      "icon": "FaGithub"
    },
    {
      "name": "Follow me on Twitter (@savan_sutariya_)",
      "url": "https://twitter.com/savan_sutariya_",
      "icon": "FaTwitter"
    },
    {
      "name": "Follow me on LinkedIn (Savan Sutariya)",
      "url": "https://linkedin.com/in/savan-sutariya-60b819203",
      "icon": "FaLinkedin"
    },
    {
      "name": "Follow me on YouTube (Savan)",
      "url": "https://www.youtube.com/c/SavanSutariya",
      "icon": "FaYoutube"
    }
  ]
}
