{
  "name": "Ameh Elijah Uma-ojo",
  "displayStatsPublic": true,
  "type": "personal",
  "bio": "FRONTEND DEV - JavaScript || React || Firebase || TailwindCSS",
  "avatar": "https://github.com/scottDeev.png",
  "links": [
    {
      "name": "Follow me on Twitter",
      "url": "https://twitter.com/ElijahLauren",
      "icon": "FaTwitter"
    },
    {
      "name": "Follow me on LinkedIn",
      "url": "https://www.linkedin.com/in/abhishek-gupta-95275b233",
      "icon": "FaLinkedin"
    },
    {
      "name": "Follow me on Github",
      "url": "https://github.com/scottDeev",
      "icon": "FaGithub"
    }
  ]
}
