{
  "name": "Shailesh Parmar",
  "type": "personal",
  "bio": "Hi, I'm Shailesh Parmar, a passionate self-taught developer & a freelance software engineer from India. My passion for software lies in dreaming up ideas and making them come true with elegant interfaces. I take great care of the experience, architecture, and code quality of the things I build. I am also an open-source enthusiast and maintainer. I learned a lot from the open-source community & I love how collaboration & knowledge sharing happened through open-source.",
  "avatar": "https://github.com/ShaileshParmar11.png",
  "links": [
    {
      "name": "Connect with me on GitHub",
      "url": "https://github.com/ShaileshParmar11",
      "icon": "FaGithub"
    },
    {
      "name": "Follow me on Twitter",
      "url": "https://twitter.com/Shailesh_WebDev",
      "icon": "FaTwitter"
    },
    {
      "name": "Connect with me on LinkedIn",
      "url": "https://www.linkedin.com/in/shailesh-parmar-2525091b8/",
      "icon": "FaLinkedin"
    },
    {
      "name": "My website",
      "url": "https://shailesh-parmar.netlify.app/",
      "icon": "FaLink"
    }
  ],
  "milestones": [
    {
      "title": "Started Freelancing",
      "date": "April 2018",
      "icon": "FaGlobe",
      "color": "purple",
      "description": "Started freelancing and build application with HTML, CSS and JavaScript.",
      "url": "https://shailesh-parmar.netlify.app/"
    },
    {
      "title": "Got my first job",
      "date": "March 2021",
      "icon": "job",
      "color": "purple",
      "description": "Landed my first job as Frontend Developer.",
      "url": "https://shailesh-parmar.netlify.app/"
    },
    {
      "title": "Promoted to Software Engineer",
      "date": "March 2022",
      "icon": "job",
      "color": "purple",
      "description": "I have been promoted to Software Engineer role.",
      "url": "https://shailesh-parmar.netlify.app/"
    }
  ]
}
