{
  "name": "ShorunTech",
  "type": "personal",
  "displayStatsPublic": true,
  "bio": "**Self-Taught Full-Stack Web Developer** | Youtuber | Content Creator | Open Source Enthusiast!",
  "tags": ["Open Source", "Javascript", "Web3", "Content Creator", "YouTuber"],
  "avatar": "https://github.com/ShorunTech.png",
  "links": [
    {
      "name": "Follow me on GitHub",
      "url": "https://github.com/ShorunTech",
      "icon": "FaGithub"
    },
    {
      "name": "Follow me on Twitter",
      "url": "https://twitter.com/shoruntech",
      "icon": "FaTwitter"
    },
    {
      "name": "Follow me on Linkedin",
      "url": "https://www.linkedin.com/in/shorunke-gbenga-95295a197/",
      "icon": "FaLinkedin"
    },
    {
      "name": "Follow me on Youtube",
      "url": "https://www.youtube.com/channel/UCCEAthZ8ntnhz1umBAKlsRA",
      "icon": "FaYoutube"
    }
  ],
  "milestones": [
    {
      "title": "Frontend Developer",
      "date": "Febuary 2019",
      "icon": "FaDollarSign",
      "color": "yellow",
      "description": "Started freelancing",
      "url": "https://gstech123.netlify.app/"
    },
    {
      "title": "YouTuber",
      "date": "December 2021",
      "icon": "FaDollarSign",
      "color": "red",
      "description": "Create Tutorial Generally On Programming",
      "url": "https://www.youtube.com/channel/UCCEAthZ8ntnhz1umBAKlsRA"
    },
    {
      "title": "Full-Stack Web Developer",
      "date": "December 2022",
      "icon": "FaDollarSign",
      "color": "green",
      "description": "fulltime Developer",
      "url": "https://www.mikano-intl.com/"
    }
  ]
}
