{
  "name": "Shreyansh Faye",
  "displayStatsPublic": true,
  "type": "personal",
  "bio": "Newbie in Web Dev learning frontend with neogcamp",
  "avatar": "https://github.com/Shreyansh-09.png",
  "links": [
    {
      "name": "Twitter",
      "url": "https://twitter.com/Phoenix_0998",
      "icon": "FaTwitter"
    },
    {
      "name": "Linkedin",
      "url": "https://www.linkedin.com/in/shreyansh-faye-4378a9137/",
      "icon": "FaLinkedin"
    },
    {
      "name": "Github",
      "url": "https://github.com/Shreyansh-09",
      "icon": "FaGithub"
    }
  ]
}
