{
  "name": "Stefano Frontini",
  "type": "personal",
  "bio": "Web Developer | Freelancer",
  "avatar": "http://github.com/StefanoFrontini.png",
  "links": [
    {
      "name": "Follow me on GitHub",
      "url": "https://github.com/StefanoFrontini",
      "icon": "FaGithub"
    },
    {
      "name": "Follow me on Twitter",
      "url": "https://twitter.com/ste_fro",
      "icon": "FaTwitter"
    },
    {
      "name": "Connect with me on LinkedIn",
      "url": "https://www.linkedin.com/in/stefano-frontini/",
      "icon": "FaLinkedin"
    }
  ],
  "milestones": [
    {
      "title": "Started Freelancing",
      "date": "May 2022",
      "icon": "FaGlobe",
      "color": "#3a3240",
      "description": "Started building a fullstack app (Django/React) for a web agency"
    },
    {
      "title": "Started development on Energy Dashboard",
      "date": "December 2021",
      "icon": "FaGithub",
      "color": "#3a3240",
      "description": "The app allows the user to visually analyze the electricity and gas consumption behavior of his customers in order to highlight trends and anomalies",
      "url": "https://github.com/StefanoFrontini/energy-dashboard"
    },
    {
      "title": "Started development on Business Speed Dating",
      "date": "August 2021",
      "icon": "FaGithub",
      "color": "#3a3240",
      "description": "An app that allows the user to manage the networking events and keep track of the contacts he developed.",
      "url": "https://github.com/StefanoFrontini/bsp"
    },
    {
      "title": "Started development on Pillole di Energia",
      "date": "May 2020",
      "icon": "FaGithub",
      "color": "#3a3240",
      "description": "Website for the promotion of my activity as an energy consultant",
      "url": "https://github.com/StefanoFrontini/pilloledienergia"
    },
    {
      "title": "Started development on PersonalDevBot",
      "date": "2017",
      "icon": "FaGithub",
      "color": "#3a3240",
      "description": "A web application connected to a Twitter bot that allowed me to save personal development quotes I liked on a database and then with a simple click on a button of the UI to publish them on Twitter",
      "url": "https://github.com/StefanoFrontini/PersonalDevBot"
    },
    {
      "title": "Learning to Code!",
      "date": "2017",
      "icon": "FaGlobe",
      "color": "#3a3240",
      "description": "Started learning to code from the book: 'Learn Python the Hard Way' by Zed A. Shaw."
    }
  ]
}
