{
  "name": "Thiago Tatico",
  "type": "personal",
  "bio": "Back-End Developer Junior | TypeScript | NodeJs | ExpressJs",
  "avatar": "https://github.com/ThiagoTatico.png",
  "links": [
    {
      "name": "Follow me on GitHub",
      "url": "https://github.com/ThiagoTatico",
      "icon": "FaGithub"
    },
    {
      "name": "Follow me on Twitter",
      "url": "https://twitter.com/ThiagoTatico0",
      "icon": "FaTwitter"
    },
    {
      "name": "Check out my website",
      "url": "https://thiagotatico.github.io/PortfolioPage/",
      "icon": "FaGlobe"
    }
  ]
}
