{
  "name": "Gianluca Galota",
  "displayStatsPublic": true,
  "type": "personal",
  "bio": "Open Source Enthusiast!",
  "avatar": "https://github.com/ThorOnTheRocks.png",
  "tags": [
    "javascript",
    "typescript",
    "react",
    "node",
    "open source",
    "design system"
  ],
  "socials": [
    { "icon": "FaTwitter", "url": "https://twitter.com/GianlucaGalota" },
    { "icon": "FaGithub", "url": "https://github.com/ThorOnTheRocks" }
  ],
  "links": [
    {
      "name": "Follow me on GitHub",
      "url": "https://github.com/ThorOnTheRocks",
      "icon": "FaGithub"
    },
    {
      "name": "Follow me on Twitter",
      "url": "https://twitter.com/GianlucaGalota",
      "icon": "FaTwitter"
    },
    {
      "name": "Follow me on Linkedin",
      "url": "https://www.linkedin.com/in/gianluca-galota/",
      "icon": "FaLinkedin"
    }
  ],
  "milestones": [
    {
      "title": "Joined EddieHub",
      "date": "November 2022",
      "icon": "FaGithub",
      "color": "blue",
      "description": "Made my first PR to EddieHub and my first contribution to open source",
      "url": "https://github.com/EddieHubCommunity/LinkFree"
    },
    {
      "title": "Started my journey as Frontend Developer",
      "date": "November 2021",
      "icon": "FaDollarSign",
      "color": "grey",
      "description": "First job as Frontend Developer",
      "url": "https://thorontherocks.github.io/personal-website/"
    },
    {
      "title": "Started learning to code!",
      "date": "April 2021",
      "icon": "FaGithub",
      "color": "blue",
      "description": "Started learning to code with the Le Wagon curriculum! Developed NomadConnect my first full-stack project.",
      "url": "https://www.nomadconnect.xyz/"
    }
  ]
}
