{
  "name": "Vaibhav Upreti",
  "type": "personal",
  "bio": "Programmer | Developer | Coder | Student | Learner",
  "avatar": "https://github.com/VaibhavUpreti.png",
  "links": [
    {
      "name": "Follow me on GitHub",
      "url": "https://github.com/VaibhavUpreti",
      "icon": "FaGithub"
    },
    {
      "name": "Follow me on Twitter",
      "url": "https://twitter.com/vaibhav__upreti",
      "icon": "FaTwitter"
    },
    {
      "name": "Connect with me on LinkedIn",
      "url": "https://www.linkedin.com/in/vaibhav-upreti-739b0421a/",
      "icon": "FaLinkedin"
    }
  ],
  "milestones": [
    {
      "title": "Joined MAIT BTech AI&ML",
      "date": "2021",
      "icon": "FaBook",
      "color": "green",
      "description": "Joined MAIT BTech AI&ML"
    }
  ]
}
