{
  "name": "Chinedu Valentine Okosi",
  "displayStatsPublic": true,
  "type": "personal",
  "bio": "Frontend Developer | Open source contributor",
  "avatar": "https://github.com/Valentine-chinedu.png",
  "tags": ["nextJS", "typescript", "reactJS", "tailwindCSS", "web3"],
  "socials": [
    {
      "icon": "FaTwitter",
      "url": "https://twitter.com/okosival"
    },
    {
      "icon": "FaGithub",
      "url": "https://github.com/Valentine-chinedu"
    }
  ],
  "links": [
    {
      "name": "Follow me on GitHub",
      "url": "https://github.com/Valentine-chinedu",
      "icon": "FaGithub"
    },
    {
      "name": "Follow my web development journey",
      "url": "https://twitter.com/okosival",
      "icon": "FaGithub"
    },
    {
      "name": "Connect with me on LinkedIn",
      "url": "https://www.linkedin.com/in/valentine-okosi/",
      "icon": "FaLinkedin"
    }
  ]
}
