{
  "name": "Wasiq Amjad Bhamla",
  "type": "personal",
  "displayStatsPublic": true,
  "bio": "Open Source Advocate | Freelancer | Blogger | Mentor | Trainer",
  "avatar": "https://github.com/WasiqB.png",
  "tags": [
    "Open Source",
    "Javascript",
    "Typescript",
    "Java",
    "GitHub",
    "Selenium WebDriver",
    "Appium",
    "WebDriverIO",
    "Rest-Assured",
    "GitHub Actions"
  ],
  "socials": [
    { "icon": "FaTwitter", "url": "https://twitter.com/WasiqBhamla" },
    { "icon": "FaGithub", "url": "https://github.com/WasiqB" },
    { "icon": "FaLinkedin", "url": "https://linkedin.com/in/wasiqbhamla" }
  ],
  "links": [
    {
      "name": "Follow me on GitHub",
      "url": "https://github.com/WasiqB",
      "icon": "FaGithub"
    },
    {
      "name": "Follow me on Twitter",
      "url": "https://twitter.com/WasiqBhamla",
      "icon": "FaTwitter"
    },
    {
      "name": "Connect with me on LinkedIn",
      "url": "https://linkedin.com/in/wasiqbhamla",
      "icon": "FaLinkedin"
    },
    {
      "name": "Join my QA Community Hub",
      "url": "https://discord.gg/Ze74VQXjwc",
      "icon": "FaDiscord"
    },
    {
      "name": "💲 Sponsor me on GitHub",
      "url": "https://github.com/sponsors/WasiqB",
      "icon": "FaGithub"
    }
  ],
  "milestones": [
    {
      "title": "Started GitHub account",
      "date": "2014",
      "icon": "FaDollarSign",
      "color": "grey",
      "description": "Opened GitHub account without knowing about anything about open source",
      "url": "https://github.com/WasiqB"
    },
    {
      "title": "coteafs-appium",
      "image": "https://github.com/WasiqB.png",
      "date": "April 2017",
      "icon": "FaGithub",
      "color": "black",
      "description": "My first serious open source project for Mobile Automation testing",
      "url": "https://github.com/WasiqB/coteafs-appium"
    },
    {
      "title": "coteafs-selenium",
      "date": "April 2018",
      "icon": "FaGithub",
      "color": "green",
      "description": "Open-sourced my 2nd project for Web automation testing",
      "url": "https://github.com/WasiqB/coteafs-selenium"
    },
    {
      "title": "AppiumTestDistribution",
      "date": "May 2019",
      "icon": "FaGithub",
      "color": "blue",
      "description": "My first contribution to other project",
      "url": "https://github.com/AppiumTestDistribution/AppiumTestDistribution"
    },
    {
      "title": "Silver winner in Applitools UltraFast Cross Browser Testing Hackathon",
      "date": "July 2020",
      "icon": "FaDollarSign",
      "color": "red",
      "description": "Won $200 in the Hackathon organized by Applitools for UltraFast Cross-browser testing. Was placed in Top 100 out of 2000+ applications.",
      "url": "https://twitter.com/Applitools/status/1288492605253267456?s=20"
    },
    {
      "title": "boyka-framework",
      "date": "Feb 2022",
      "icon": "FaGithub",
      "color": "green",
      "description": "Open-sourced an ultimate test automation framework for automating any application on any platform",
      "url": "https://github.com/BoykaFramework/boyka-framework"
    }
  ]
}
