{
  "name": "Yagazie Davidson",
  "displayStatsPublic": true,
  "type": "personal",
  "bio": "Software Engineer | CS Student | Cule ❤️💙",
  "avatar": "https://pbs.twimg.com/profile_images/1589020263479492610/h5LWBqMT_400x400.jpg",
  "links": [
    {
      "name": "Follow me on Twitter",
      "url": "https://twitter.com/LetamDavidson",
      "icon": "FaTwitter"
    },
    {
      "name": "Connect with me on LinkedIn",
      "url": "https://www.linkedin.com/in/chineletam-ugwuadu-87422622b/",
      "icon": "FaLinkedin"
    },
    {
      "name": "Github",
      "url": "https://github.com/Yagazie-davidson",
      "icon": "FaGithub"
    }
  ]
}
