{
  "name": "Julia Undeutsch",
  "type": "personal",
  "bio": "I am an Accessibility & Frontend Developer (ReactJS)",
  "avatar": "https://github.com/yuridevat.png",
  "links": [
    {
      "name": "Follow me on Twitter",
      "url": "https://twitter.com/YuriDevAT",
      "icon": "FaTwitter"
    },
    {
      "name": "Follow me on DEV.to",
      "url": "https://dev.to/yuridevat",
      "icon": "FaDev"
    },
    {
      "name": "Follow me on GitHub",
      "url": "https://github.com/YuriDevAT",
      "icon": "FaGithub"
    }
  ]
}
