{
  "name": "Zain Mhrez",
  "type": "personal",
  "bio": "Jr Frontend developer | Reactjs, learning typescript and web3",
  "avatar": "https://github.com/ZainMhrez.png",
  "links": [
    {
      "name": "Follow me on GitHub",
      "url": "https://github.com/ZainMhrez",
      "icon": "FaGithub"
    },
    {
      "name": "Follow me on Twitter",
      "url": "https://twitter.com/zainmhrez1",
      "icon": "FaTwitter"
    },
    {
      "name": "Connect with me on LinkedIn",
      "url": "https://linkedin.com/in/zain-mhrez/",
      "icon": "FaLinkedin"
    }
  ]
}
