{
  "FaAndroid": "#3DDC84",
  "FaApple": "#000000",
  "FaBook": "#2196F3",
  "FaFev": "#000000",
  "FaDiscord": "#5865F2",
  "FaFacebook": "#1877F2",
  "FaGithub": "#171515",
  "FaGitlab": "#2E2E2E",
  "FaHackerrank": "#0c0c14",
  "FaInstagram": "#833AB4",
  "FaLinkedin": "#0077b5",
  "FaMedium": "#000000",
  "FaMicrosoft": "#5E5E5E",
  "FaPaypal": "#00457C",
  "FaSlack": "#4A154B",
  "FaSnapchat": "#FFFC00",
  "FaSpotify": "#1ED760",
  "FaTelegram": "#4995be",
  "FaTiktok": "#000000",
  "FaTwitch": "#9146FF",
  "FaTwitter": "#00ACEE",
  "FaVimeo": "#1AB7EA",
  "FaYoutube": "#FF0000"
}
